"http://swlab.ic.uff.br/resource/bioportal-gro_x1-uni-mannheim","http://swlab.ic.uff.br/resource/bioportal-nif","http://swlab.ic.uff.br/resource/bioportal-rcd","http://swlab.ic.uff.br/resource/bioportal-zfa","http://swlab.ic.uff.br/resource/bioportal-tao","http://swlab.ic.uff.br/resource/bioportal-spto"
"http://swlab.ic.uff.br/resource/bioportal-gro_x1-uni-mannheim","http://swlab.ic.uff.br/resource/bioportal-nif","http://swlab.ic.uff.br/resource/bioportal-mccl_x1","http://swlab.ic.uff.br/resource/bioportal-spto","http://swlab.ic.uff.br/resource/bioportal-rcd","http://swlab.ic.uff.br/resource/bioportal-zfa"
"http://swlab.ic.uff.br/resource/bioportal-gro_x1-uni-mannheim","http://swlab.ic.uff.br/resource/bioportal-rid","http://swlab.ic.uff.br/resource/bioportal-tao","http://swlab.ic.uff.br/resource/bioportal-canco","http://swlab.ic.uff.br/resource/bioportal-rcd","http://swlab.ic.uff.br/resource/bioportal-mccl_x1"
"http://swlab.ic.uff.br/resource/bioportal-gro_x1-uni-mannheim","http://swlab.ic.uff.br/resource/bioportal-tao","http://swlab.ic.uff.br/resource/bioportal-mccl_x1","http://swlab.ic.uff.br/resource/bioportal-ncbitaxon","http://swlab.ic.uff.br/resource/bioportal-po_x2","http://swlab.ic.uff.br/resource/bioportal-po"
"http://swlab.ic.uff.br/resource/bioportal-gro_x1-uni-mannheim","http://swlab.ic.uff.br/resource/bioportal-po_x2","http://swlab.ic.uff.br/resource/bioportal-zfa","http://swlab.ic.uff.br/resource/bioportal-rcd","http://swlab.ic.uff.br/resource/bioportal-spto","http://swlab.ic.uff.br/resource/bioportal-ncbitaxon"
"http://swlab.ic.uff.br/resource/bioportal-miro-uni-mannheim","http://swlab.ic.uff.br/resource/bioportal-mfoem","http://swlab.ic.uff.br/resource/bioportal-chebi","http://swlab.ic.uff.br/resource/bioportal-mf","http://swlab.ic.uff.br/resource/bioportal-nemo_x1","http://swlab.ic.uff.br/resource/bioportal-obi"
"http://swlab.ic.uff.br/resource/bioportal-miro-uni-mannheim","http://swlab.ic.uff.br/resource/bioportal-mf","http://swlab.ic.uff.br/resource/bioportal-bao","http://swlab.ic.uff.br/resource/bioportal-nif","http://swlab.ic.uff.br/resource/bioportal-gfo-bio","http://swlab.ic.uff.br/resource/bioportal-aero"
"http://swlab.ic.uff.br/resource/bioportal-miro-uni-mannheim","http://swlab.ic.uff.br/resource/bioportal-ncbitaxon","http://swlab.ic.uff.br/resource/bioportal-cao","http://swlab.ic.uff.br/resource/bioportal-mf","http://swlab.ic.uff.br/resource/bioportal-obi","http://swlab.ic.uff.br/resource/bioportal-opl"
"http://swlab.ic.uff.br/resource/bioportal-miro-uni-mannheim","http://swlab.ic.uff.br/resource/bioportal-canco","http://swlab.ic.uff.br/resource/bioportal-mfoem","http://swlab.ic.uff.br/resource/bioportal-gfo-bio","http://swlab.ic.uff.br/resource/bioportal-bfo","http://swlab.ic.uff.br/resource/bioportal-nif"
"http://swlab.ic.uff.br/resource/bioportal-miro-uni-mannheim","http://swlab.ic.uff.br/resource/bioportal-aero","http://swlab.ic.uff.br/resource/bioportal-ncbitaxon","http://swlab.ic.uff.br/resource/bioportal-idobru","http://swlab.ic.uff.br/resource/bioportal-gfo-bio","http://swlab.ic.uff.br/resource/bioportal-cao"
"http://swlab.ic.uff.br/resource/bioportal-rid-uni-mannheim","http://swlab.ic.uff.br/resource/bioportal-idomal","http://swlab.ic.uff.br/resource/bioportal-sao","http://swlab.ic.uff.br/resource/bioportal-chebi","http://swlab.ic.uff.br/resource/bioportal-gro_x2","http://swlab.ic.uff.br/resource/bioportal-spd"
"http://swlab.ic.uff.br/resource/bioportal-rid-uni-mannheim","http://swlab.ic.uff.br/resource/bioportal-ctx","http://swlab.ic.uff.br/resource/bioportal-mccl","http://swlab.ic.uff.br/resource/bioportal-aero","http://swlab.ic.uff.br/resource/bioportal-zfa","http://swlab.ic.uff.br/resource/bioportal-gro_x1"
"http://swlab.ic.uff.br/resource/bioportal-rid-uni-mannheim","http://swlab.ic.uff.br/resource/bioportal-opl","http://swlab.ic.uff.br/resource/bioportal-vo","http://swlab.ic.uff.br/resource/bioportal-po","http://swlab.ic.uff.br/resource/bioportal-wbbt","http://swlab.ic.uff.br/resource/bioportal-gro_x2"
"http://swlab.ic.uff.br/resource/bioportal-rid-uni-mannheim","http://swlab.ic.uff.br/resource/bioportal-ctx","http://swlab.ic.uff.br/resource/bioportal-gro_x1","http://swlab.ic.uff.br/resource/bioportal-fhho","http://swlab.ic.uff.br/resource/bioportal-mpath","http://swlab.ic.uff.br/resource/bioportal-mccl_x1"
"http://swlab.ic.uff.br/resource/bioportal-rid-uni-mannheim","http://swlab.ic.uff.br/resource/bioportal-cpt","http://swlab.ic.uff.br/resource/bioportal-chebi","http://swlab.ic.uff.br/resource/bioportal-opl","http://swlab.ic.uff.br/resource/bioportal-mp","http://swlab.ic.uff.br/resource/bioportal-basic-vertebrate-gross-anatomy"
"http://swlab.ic.uff.br/resource/bioportal-cao-uni-mannheim","http://swlab.ic.uff.br/resource/bioportal-aero","http://swlab.ic.uff.br/resource/bioportal-bfo","http://swlab.ic.uff.br/resource/bioportal-mf","http://swlab.ic.uff.br/resource/bioportal-obi","http://swlab.ic.uff.br/resource/bioportal-nif"
"http://swlab.ic.uff.br/resource/bioportal-cao-uni-mannheim","http://swlab.ic.uff.br/resource/bioportal-nemo_x1","http://swlab.ic.uff.br/resource/bioportal-idomal","http://swlab.ic.uff.br/resource/bioportal-neomark","http://swlab.ic.uff.br/resource/bioportal-mf","http://swlab.ic.uff.br/resource/bioportal-gfo-bio"
"http://swlab.ic.uff.br/resource/bioportal-cao-uni-mannheim","http://swlab.ic.uff.br/resource/bioportal-aero","http://swlab.ic.uff.br/resource/bioportal-opl","http://swlab.ic.uff.br/resource/bioportal-miro","http://swlab.ic.uff.br/resource/bioportal-vo","http://swlab.ic.uff.br/resource/bioportal-nif"
"http://swlab.ic.uff.br/resource/bioportal-cao-uni-mannheim","http://swlab.ic.uff.br/resource/bioportal-obi","http://swlab.ic.uff.br/resource/bioportal-mfoem","http://swlab.ic.uff.br/resource/bioportal-idobru","http://swlab.ic.uff.br/resource/bioportal-gfo-bio","http://swlab.ic.uff.br/resource/bioportal-idomal"
"http://swlab.ic.uff.br/resource/bioportal-cao-uni-mannheim","http://swlab.ic.uff.br/resource/bioportal-mfoem","http://swlab.ic.uff.br/resource/bioportal-idobru","http://swlab.ic.uff.br/resource/bioportal-idomal","http://swlab.ic.uff.br/resource/bioportal-bfo","http://swlab.ic.uff.br/resource/bioportal-canco"
"http://swlab.ic.uff.br/resource/bioportal-mpath-uni-mannheim","http://swlab.ic.uff.br/resource/bioportal-rid","http://swlab.ic.uff.br/resource/bioportal-mccl_x1","http://swlab.ic.uff.br/resource/bioportal-canco","http://swlab.ic.uff.br/resource/bioportal-mp","http://swlab.ic.uff.br/resource/bioportal-mccl"
"http://swlab.ic.uff.br/resource/bioportal-mpath-uni-mannheim","http://swlab.ic.uff.br/resource/bioportal-nif","http://swlab.ic.uff.br/resource/bioportal-canco","http://swlab.ic.uff.br/resource/bioportal-icnp","http://swlab.ic.uff.br/resource/bioportal-natpro","http://swlab.ic.uff.br/resource/bioportal-rid"
"http://swlab.ic.uff.br/resource/bioportal-mpath-uni-mannheim","http://swlab.ic.uff.br/resource/bioportal-mccl_x1","http://swlab.ic.uff.br/resource/bioportal-natpro","http://swlab.ic.uff.br/resource/bioportal-canco","http://swlab.ic.uff.br/resource/bioportal-mccl","http://swlab.ic.uff.br/resource/bioportal-rcd"
"http://swlab.ic.uff.br/resource/bioportal-mpath-uni-mannheim","http://swlab.ic.uff.br/resource/bioportal-icnp","http://swlab.ic.uff.br/resource/bioportal-ontoorpha","http://swlab.ic.uff.br/resource/bioportal-rid","http://swlab.ic.uff.br/resource/bioportal-rcd","http://swlab.ic.uff.br/resource/bioportal-mp"
"http://swlab.ic.uff.br/resource/bioportal-mpath-uni-mannheim","http://swlab.ic.uff.br/resource/bioportal-canco","http://swlab.ic.uff.br/resource/bioportal-pdq","http://swlab.ic.uff.br/resource/bioportal-icnp","http://swlab.ic.uff.br/resource/bioportal-mccl","http://swlab.ic.uff.br/resource/bioportal-mp"
"http://swlab.ic.uff.br/resource/bioportal-sao-uni-mannheim","http://swlab.ic.uff.br/resource/bioportal-gro_x2","http://swlab.ic.uff.br/resource/bioportal-pato","http://swlab.ic.uff.br/resource/bioportal-rcd","http://swlab.ic.uff.br/resource/bioportal-obi","http://swlab.ic.uff.br/resource/bioportal-gfo-bio"
"http://swlab.ic.uff.br/resource/bioportal-sao-uni-mannheim","http://swlab.ic.uff.br/resource/bioportal-tao","http://swlab.ic.uff.br/resource/bioportal-rid","http://swlab.ic.uff.br/resource/bioportal-bao","http://swlab.ic.uff.br/resource/bioportal-obi","http://swlab.ic.uff.br/resource/bioportal-snpo"
"http://swlab.ic.uff.br/resource/bioportal-sao-uni-mannheim","http://swlab.ic.uff.br/resource/bioportal-obi","http://swlab.ic.uff.br/resource/bioportal-nif","http://swlab.ic.uff.br/resource/bioportal-canco","http://swlab.ic.uff.br/resource/bioportal-vo","http://swlab.ic.uff.br/resource/bioportal-chebi"
"http://swlab.ic.uff.br/resource/bioportal-sao-uni-mannheim","http://swlab.ic.uff.br/resource/bioportal-gfo-bio","http://swlab.ic.uff.br/resource/bioportal-idobru","http://swlab.ic.uff.br/resource/bioportal-aero","http://swlab.ic.uff.br/resource/bioportal-vo","http://swlab.ic.uff.br/resource/bioportal-idomal"
"http://swlab.ic.uff.br/resource/bioportal-sao-uni-mannheim","http://swlab.ic.uff.br/resource/bioportal-mccl_x1","http://swlab.ic.uff.br/resource/bioportal-mf","http://swlab.ic.uff.br/resource/bioportal-nif","http://swlab.ic.uff.br/resource/bioportal-mfoem","http://swlab.ic.uff.br/resource/bioportal-pato"
"http://swlab.ic.uff.br/resource/bioportal-gfo-bio-uni-mannheim","http://swlab.ic.uff.br/resource/bioportal-idobru","http://swlab.ic.uff.br/resource/bioportal-bao","http://swlab.ic.uff.br/resource/bioportal-rcd","http://swlab.ic.uff.br/resource/bioportal-icnp","http://swlab.ic.uff.br/resource/bioportal-aero"
"http://swlab.ic.uff.br/resource/bioportal-gfo-bio-uni-mannheim","http://swlab.ic.uff.br/resource/bioportal-sao","http://swlab.ic.uff.br/resource/bioportal-nif","http://swlab.ic.uff.br/resource/bioportal-ncbitaxon","http://swlab.ic.uff.br/resource/bioportal-miro","http://swlab.ic.uff.br/resource/bioportal-cao"
"http://swlab.ic.uff.br/resource/bioportal-gfo-bio-uni-mannheim","http://swlab.ic.uff.br/resource/bioportal-aero","http://swlab.ic.uff.br/resource/bioportal-canco","http://swlab.ic.uff.br/resource/bioportal-nemo_x1","http://swlab.ic.uff.br/resource/bioportal-miro","http://swlab.ic.uff.br/resource/bioportal-obi"
"http://swlab.ic.uff.br/resource/bioportal-gfo-bio-uni-mannheim","http://swlab.ic.uff.br/resource/bioportal-gro_x2","http://swlab.ic.uff.br/resource/bioportal-aero","http://swlab.ic.uff.br/resource/bioportal-cao","http://swlab.ic.uff.br/resource/bioportal-canco","http://swlab.ic.uff.br/resource/bioportal-nif"
"http://swlab.ic.uff.br/resource/bioportal-gfo-bio-uni-mannheim","http://swlab.ic.uff.br/resource/bioportal-opl","http://swlab.ic.uff.br/resource/bioportal-cao","http://swlab.ic.uff.br/resource/bioportal-ncbitaxon","http://swlab.ic.uff.br/resource/bioportal-obi","http://swlab.ic.uff.br/resource/bioportal-bao"
"http://swlab.ic.uff.br/resource/bioportal-pdq-uni-mannheim","http://swlab.ic.uff.br/resource/bioportal-canco","http://swlab.ic.uff.br/resource/bioportal-idobru","http://swlab.ic.uff.br/resource/bioportal-nddf","http://swlab.ic.uff.br/resource/bioportal-natpro","http://swlab.ic.uff.br/resource/bioportal-mp"
"http://swlab.ic.uff.br/resource/bioportal-pdq-uni-mannheim","http://swlab.ic.uff.br/resource/bioportal-mccl","http://swlab.ic.uff.br/resource/bioportal-idobru","http://swlab.ic.uff.br/resource/bioportal-mpath","http://swlab.ic.uff.br/resource/bioportal-chebi","http://swlab.ic.uff.br/resource/bioportal-ncbitaxon"
"http://swlab.ic.uff.br/resource/bioportal-pdq-uni-mannheim","http://swlab.ic.uff.br/resource/bioportal-obi","http://swlab.ic.uff.br/resource/bioportal-snpo","http://swlab.ic.uff.br/resource/bioportal-natpro","http://swlab.ic.uff.br/resource/bioportal-mpath","http://swlab.ic.uff.br/resource/bioportal-bao"
"http://swlab.ic.uff.br/resource/bioportal-pdq-uni-mannheim","http://swlab.ic.uff.br/resource/bioportal-ncbitaxon","http://swlab.ic.uff.br/resource/bioportal-icnp","http://swlab.ic.uff.br/resource/bioportal-idobru","http://swlab.ic.uff.br/resource/bioportal-rid","http://swlab.ic.uff.br/resource/bioportal-mpath"
"http://swlab.ic.uff.br/resource/bioportal-pdq-uni-mannheim","http://swlab.ic.uff.br/resource/bioportal-icpc2p","http://swlab.ic.uff.br/resource/bioportal-natpro","http://swlab.ic.uff.br/resource/bioportal-ncbitaxon","http://swlab.ic.uff.br/resource/bioportal-mpath","http://swlab.ic.uff.br/resource/bioportal-ontoorpha"
"http://swlab.ic.uff.br/resource/bioportal-gro_x2-uni-mannheim","http://swlab.ic.uff.br/resource/bioportal-aero","http://swlab.ic.uff.br/resource/bioportal-pato","http://swlab.ic.uff.br/resource/bioportal-obi","http://swlab.ic.uff.br/resource/bioportal-rid","http://swlab.ic.uff.br/resource/bioportal-idobru"
"http://swlab.ic.uff.br/resource/bioportal-gro_x2-uni-mannheim","http://swlab.ic.uff.br/resource/bioportal-icnp","http://swlab.ic.uff.br/resource/bioportal-sao","http://swlab.ic.uff.br/resource/bioportal-idomal","http://swlab.ic.uff.br/resource/bioportal-idobru","http://swlab.ic.uff.br/resource/bioportal-bao"
"http://swlab.ic.uff.br/resource/bioportal-gro_x2-uni-mannheim","http://swlab.ic.uff.br/resource/bioportal-icnp","http://swlab.ic.uff.br/resource/bioportal-rcd","http://swlab.ic.uff.br/resource/bioportal-gfo-bio","http://swlab.ic.uff.br/resource/bioportal-aero","http://swlab.ic.uff.br/resource/bioportal-rid"
"http://swlab.ic.uff.br/resource/bioportal-gro_x2-uni-mannheim","http://swlab.ic.uff.br/resource/bioportal-snpo","http://swlab.ic.uff.br/resource/bioportal-mccl_x1","http://swlab.ic.uff.br/resource/bioportal-nemo_x1","http://swlab.ic.uff.br/resource/bioportal-nif","http://swlab.ic.uff.br/resource/bioportal-natpro"
"http://swlab.ic.uff.br/resource/bioportal-gro_x2-uni-mannheim","http://swlab.ic.uff.br/resource/bioportal-nif","http://swlab.ic.uff.br/resource/bioportal-chebi","http://swlab.ic.uff.br/resource/bioportal-iev","http://swlab.ic.uff.br/resource/bioportal-aero","http://swlab.ic.uff.br/resource/bioportal-rcd"
"http://swlab.ic.uff.br/resource/bioportal-ctx-uni-mannheim","http://swlab.ic.uff.br/resource/bioportal-natpro","http://swlab.ic.uff.br/resource/bioportal-mccl_x1","http://swlab.ic.uff.br/resource/bioportal-canco","http://swlab.ic.uff.br/resource/bioportal-mp","http://swlab.ic.uff.br/resource/bioportal-icpc2p"
"http://swlab.ic.uff.br/resource/bioportal-ctx-uni-mannheim","http://swlab.ic.uff.br/resource/bioportal-ontoorpha","http://swlab.ic.uff.br/resource/bioportal-mp","http://swlab.ic.uff.br/resource/bioportal-icpc2p","http://swlab.ic.uff.br/resource/bioportal-canco","http://swlab.ic.uff.br/resource/bioportal-rid"
"http://swlab.ic.uff.br/resource/bioportal-ctx-uni-mannheim","http://swlab.ic.uff.br/resource/bioportal-mccl_x1","http://swlab.ic.uff.br/resource/bioportal-canco","http://swlab.ic.uff.br/resource/bioportal-icpc2p","http://swlab.ic.uff.br/resource/bioportal-ontoorpha","http://swlab.ic.uff.br/resource/bioportal-natpro"
"http://swlab.ic.uff.br/resource/bioportal-ctx-uni-mannheim","http://swlab.ic.uff.br/resource/bioportal-mp","http://swlab.ic.uff.br/resource/bioportal-nif","http://swlab.ic.uff.br/resource/bioportal-natpro","http://swlab.ic.uff.br/resource/bioportal-rcd","http://swlab.ic.uff.br/resource/bioportal-ontoorpha"
"http://swlab.ic.uff.br/resource/bioportal-ctx-uni-mannheim","http://swlab.ic.uff.br/resource/bioportal-rid","http://swlab.ic.uff.br/resource/bioportal-nif","http://swlab.ic.uff.br/resource/bioportal-rcd","http://swlab.ic.uff.br/resource/bioportal-mccl_x1","http://swlab.ic.uff.br/resource/bioportal-mp"
"http://swlab.ic.uff.br/resource/bioportal-ontoorpha-uni-mannheim","http://swlab.ic.uff.br/resource/bioportal-rid","http://swlab.ic.uff.br/resource/bioportal-natpro","http://swlab.ic.uff.br/resource/bioportal-idomal","http://swlab.ic.uff.br/resource/bioportal-mpath","http://swlab.ic.uff.br/resource/bioportal-rcd"
"http://swlab.ic.uff.br/resource/bioportal-ontoorpha-uni-mannheim","http://swlab.ic.uff.br/resource/bioportal-ogmd","http://swlab.ic.uff.br/resource/bioportal-vo","http://swlab.ic.uff.br/resource/bioportal-natpro","http://swlab.ic.uff.br/resource/bioportal-idomal","http://swlab.ic.uff.br/resource/bioportal-mpath"
"http://swlab.ic.uff.br/resource/bioportal-ontoorpha-uni-mannheim","http://swlab.ic.uff.br/resource/bioportal-ogmd","http://swlab.ic.uff.br/resource/bioportal-mpath","http://swlab.ic.uff.br/resource/bioportal-natpro","http://swlab.ic.uff.br/resource/bioportal-icpc2p","http://swlab.ic.uff.br/resource/bioportal-mccl_x1"
"http://swlab.ic.uff.br/resource/bioportal-ontoorpha-uni-mannheim","http://swlab.ic.uff.br/resource/bioportal-rcd","http://swlab.ic.uff.br/resource/bioportal-rid","http://swlab.ic.uff.br/resource/bioportal-mp","http://swlab.ic.uff.br/resource/bioportal-vo","http://swlab.ic.uff.br/resource/bioportal-ogmd"
"http://swlab.ic.uff.br/resource/bioportal-ontoorpha-uni-mannheim","http://swlab.ic.uff.br/resource/bioportal-mpath","http://swlab.ic.uff.br/resource/bioportal-pdq","http://swlab.ic.uff.br/resource/bioportal-canco","http://swlab.ic.uff.br/resource/bioportal-mp","http://swlab.ic.uff.br/resource/bioportal-icnp"
"http://swlab.ic.uff.br/resource/bioportal-nemo_x1-uni-mannheim","http://swlab.ic.uff.br/resource/bioportal-mccl_x1","http://swlab.ic.uff.br/resource/bioportal-bao","http://swlab.ic.uff.br/resource/bioportal-obi","http://swlab.ic.uff.br/resource/bioportal-miro","http://swlab.ic.uff.br/resource/bioportal-zfa"
"http://swlab.ic.uff.br/resource/bioportal-nemo_x1-uni-mannheim","http://swlab.ic.uff.br/resource/bioportal-mf","http://swlab.ic.uff.br/resource/bioportal-pato","http://swlab.ic.uff.br/resource/bioportal-idobru","http://swlab.ic.uff.br/resource/bioportal-sao","http://swlab.ic.uff.br/resource/bioportal-mfoem"
"http://swlab.ic.uff.br/resource/bioportal-nemo_x1-uni-mannheim","http://swlab.ic.uff.br/resource/bioportal-mfoem","http://swlab.ic.uff.br/resource/bioportal-mccl_x1","http://swlab.ic.uff.br/resource/bioportal-canco","http://swlab.ic.uff.br/resource/bioportal-tao","http://swlab.ic.uff.br/resource/bioportal-nif"
"http://swlab.ic.uff.br/resource/bioportal-nemo_x1-uni-mannheim","http://swlab.ic.uff.br/resource/bioportal-icnp","http://swlab.ic.uff.br/resource/bioportal-aero","http://swlab.ic.uff.br/resource/bioportal-mf","http://swlab.ic.uff.br/resource/bioportal-cao","http://swlab.ic.uff.br/resource/bioportal-gfo-bio"
"http://swlab.ic.uff.br/resource/bioportal-nemo_x1-uni-mannheim","http://swlab.ic.uff.br/resource/bioportal-vo","http://swlab.ic.uff.br/resource/bioportal-sao","http://swlab.ic.uff.br/resource/bioportal-pato","http://swlab.ic.uff.br/resource/bioportal-opl","http://swlab.ic.uff.br/resource/bioportal-tao"
"http://swlab.ic.uff.br/resource/bioportal-basic-vertebrate-gross-anatomy-uni-mannheim","http://swlab.ic.uff.br/resource/bioportal-mccl_x1","http://swlab.ic.uff.br/resource/bioportal-rid","http://swlab.ic.uff.br/resource/bioportal-canco","http://swlab.ic.uff.br/resource/bioportal-rcd","http://swlab.ic.uff.br/resource/bioportal-icnp"
"http://swlab.ic.uff.br/resource/bioportal-basic-vertebrate-gross-anatomy-uni-mannheim","http://swlab.ic.uff.br/resource/bioportal-rid","http://swlab.ic.uff.br/resource/bioportal-rcd","http://swlab.ic.uff.br/resource/bioportal-canco","http://swlab.ic.uff.br/resource/bioportal-vhog","http://swlab.ic.uff.br/resource/bioportal-tao"
"http://swlab.ic.uff.br/resource/bioportal-basic-vertebrate-gross-anatomy-uni-mannheim","http://swlab.ic.uff.br/resource/bioportal-zfa","http://swlab.ic.uff.br/resource/bioportal-icnp","http://swlab.ic.uff.br/resource/bioportal-rid","http://swlab.ic.uff.br/resource/bioportal-nif","http://swlab.ic.uff.br/resource/bioportal-rcd"
"http://swlab.ic.uff.br/resource/bioportal-basic-vertebrate-gross-anatomy-uni-mannheim","http://swlab.ic.uff.br/resource/bioportal-tao","http://swlab.ic.uff.br/resource/bioportal-vhog","http://swlab.ic.uff.br/resource/bioportal-nif","http://swlab.ic.uff.br/resource/bioportal-mccl_x1","http://swlab.ic.uff.br/resource/bioportal-rcd"
"http://swlab.ic.uff.br/resource/bioportal-basic-vertebrate-gross-anatomy-uni-mannheim","http://swlab.ic.uff.br/resource/bioportal-nif","http://swlab.ic.uff.br/resource/bioportal-icnp","http://swlab.ic.uff.br/resource/bioportal-tao","http://swlab.ic.uff.br/resource/bioportal-rcd","http://swlab.ic.uff.br/resource/bioportal-zfa"
"http://swlab.ic.uff.br/resource/bioportal-ocre-uni-mannheim","http://swlab.ic.uff.br/resource/bioportal-ontodt","http://swlab.ic.uff.br/resource/bioportal-bao","http://swlab.ic.uff.br/resource/bioportal-idobru","http://swlab.ic.uff.br/resource/bioportal-nemo_x1","http://swlab.ic.uff.br/resource/bioportal-nif"
"http://swlab.ic.uff.br/resource/bioportal-ocre-uni-mannheim","http://swlab.ic.uff.br/resource/bioportal-ontodt","http://swlab.ic.uff.br/resource/bioportal-nif","http://swlab.ic.uff.br/resource/bioportal-bao","http://swlab.ic.uff.br/resource/bioportal-nemo_x1","http://swlab.ic.uff.br/resource/bioportal-opl"
"http://swlab.ic.uff.br/resource/bioportal-ocre-uni-mannheim","http://swlab.ic.uff.br/resource/bioportal-mfoem","http://swlab.ic.uff.br/resource/bioportal-ontodt","http://swlab.ic.uff.br/resource/bioportal-bao","http://swlab.ic.uff.br/resource/bioportal-opl","http://swlab.ic.uff.br/resource/bioportal-mf"
"http://swlab.ic.uff.br/resource/bioportal-ocre-uni-mannheim","http://swlab.ic.uff.br/resource/bioportal-rcd","http://swlab.ic.uff.br/resource/bioportal-nemo_x1","http://swlab.ic.uff.br/resource/bioportal-pato","http://swlab.ic.uff.br/resource/bioportal-idobru","http://swlab.ic.uff.br/resource/bioportal-opl"
"http://swlab.ic.uff.br/resource/bioportal-ocre-uni-mannheim","http://swlab.ic.uff.br/resource/bioportal-bao","http://swlab.ic.uff.br/resource/bioportal-canco","http://swlab.ic.uff.br/resource/bioportal-obi","http://swlab.ic.uff.br/resource/bioportal-nemo_x1","http://swlab.ic.uff.br/resource/bioportal-nif"
"http://swlab.ic.uff.br/resource/bioportal-vo-uni-mannheim","http://swlab.ic.uff.br/resource/bioportal-rid","http://swlab.ic.uff.br/resource/bioportal-sao","http://swlab.ic.uff.br/resource/bioportal-ocre","http://swlab.ic.uff.br/resource/bioportal-ontoorpha","http://swlab.ic.uff.br/resource/bioportal-rcd"
"http://swlab.ic.uff.br/resource/bioportal-vo-uni-mannheim","http://swlab.ic.uff.br/resource/bioportal-ontoorpha","http://swlab.ic.uff.br/resource/bioportal-bfo","http://swlab.ic.uff.br/resource/bioportal-idobru","http://swlab.ic.uff.br/resource/bioportal-canco","http://swlab.ic.uff.br/resource/bioportal-bao"
"http://swlab.ic.uff.br/resource/bioportal-vo-uni-mannheim","http://swlab.ic.uff.br/resource/bioportal-rcd","http://swlab.ic.uff.br/resource/bioportal-rid","http://swlab.ic.uff.br/resource/bioportal-obi","http://swlab.ic.uff.br/resource/bioportal-idobru","http://swlab.ic.uff.br/resource/bioportal-canco"
"http://swlab.ic.uff.br/resource/bioportal-vo-uni-mannheim","http://swlab.ic.uff.br/resource/bioportal-idomal","http://swlab.ic.uff.br/resource/bioportal-mf","http://swlab.ic.uff.br/resource/bioportal-aero","http://swlab.ic.uff.br/resource/bioportal-pdq","http://swlab.ic.uff.br/resource/bioportal-chebi"
"http://swlab.ic.uff.br/resource/bioportal-vo-uni-mannheim","http://swlab.ic.uff.br/resource/bioportal-icpc2p","http://swlab.ic.uff.br/resource/bioportal-canco","http://swlab.ic.uff.br/resource/bioportal-rcd","http://swlab.ic.uff.br/resource/bioportal-neomark","http://swlab.ic.uff.br/resource/bioportal-sao"
"http://swlab.ic.uff.br/resource/bioportal-opl-uni-mannheim","http://swlab.ic.uff.br/resource/bioportal-mf","http://swlab.ic.uff.br/resource/bioportal-mccl_x1","http://swlab.ic.uff.br/resource/bioportal-canco","http://swlab.ic.uff.br/resource/bioportal-ontodt","http://swlab.ic.uff.br/resource/bioportal-neomark"
"http://swlab.ic.uff.br/resource/bioportal-opl-uni-mannheim","http://swlab.ic.uff.br/resource/bioportal-rid","http://swlab.ic.uff.br/resource/bioportal-cao","http://swlab.ic.uff.br/resource/bioportal-idomal","http://swlab.ic.uff.br/resource/bioportal-vhog","http://swlab.ic.uff.br/resource/bioportal-vo"
"http://swlab.ic.uff.br/resource/bioportal-opl-uni-mannheim","http://swlab.ic.uff.br/resource/bioportal-vhog","http://swlab.ic.uff.br/resource/bioportal-cao","http://swlab.ic.uff.br/resource/bioportal-icnp","http://swlab.ic.uff.br/resource/bioportal-rid","http://swlab.ic.uff.br/resource/bioportal-obi"
"http://swlab.ic.uff.br/resource/bioportal-opl-uni-mannheim","http://swlab.ic.uff.br/resource/bioportal-ocre","http://swlab.ic.uff.br/resource/bioportal-neomark","http://swlab.ic.uff.br/resource/bioportal-vhog","http://swlab.ic.uff.br/resource/bioportal-gfo-bio","http://swlab.ic.uff.br/resource/bioportal-fbsp"
"http://swlab.ic.uff.br/resource/bioportal-opl-uni-mannheim","http://swlab.ic.uff.br/resource/bioportal-idomal","http://swlab.ic.uff.br/resource/bioportal-aero","http://swlab.ic.uff.br/resource/bioportal-tao","http://swlab.ic.uff.br/resource/bioportal-bfo","http://swlab.ic.uff.br/resource/bioportal-gfo-bio"
"http://swlab.ic.uff.br/resource/bioportal-chebi-uni-mannheim","http://swlab.ic.uff.br/resource/bioportal-miro","http://swlab.ic.uff.br/resource/bioportal-canco","http://swlab.ic.uff.br/resource/bioportal-mccl","http://swlab.ic.uff.br/resource/bioportal-vo","http://swlab.ic.uff.br/resource/bioportal-fda-meddevice"
"http://swlab.ic.uff.br/resource/bioportal-chebi-uni-mannheim","http://swlab.ic.uff.br/resource/bioportal-pdq","http://swlab.ic.uff.br/resource/bioportal-gro_x2","http://swlab.ic.uff.br/resource/bioportal-xco","http://swlab.ic.uff.br/resource/bioportal-rid","http://swlab.ic.uff.br/resource/bioportal-bao"
"http://swlab.ic.uff.br/resource/bioportal-chebi-uni-mannheim","http://swlab.ic.uff.br/resource/bioportal-canco","http://swlab.ic.uff.br/resource/bioportal-xco","http://swlab.ic.uff.br/resource/bioportal-vo","http://swlab.ic.uff.br/resource/bioportal-natpro","http://swlab.ic.uff.br/resource/bioportal-fda-meddevice"
"http://swlab.ic.uff.br/resource/bioportal-chebi-uni-mannheim","http://swlab.ic.uff.br/resource/bioportal-natpro","http://swlab.ic.uff.br/resource/bioportal-obi","http://swlab.ic.uff.br/resource/bioportal-vo","http://swlab.ic.uff.br/resource/bioportal-cpt","http://swlab.ic.uff.br/resource/bioportal-mod"
"http://swlab.ic.uff.br/resource/bioportal-chebi-uni-mannheim","http://swlab.ic.uff.br/resource/bioportal-rid","http://swlab.ic.uff.br/resource/bioportal-snpo","http://swlab.ic.uff.br/resource/bioportal-xco","http://swlab.ic.uff.br/resource/bioportal-nddf","http://swlab.ic.uff.br/resource/bioportal-vo"
"http://swlab.ic.uff.br/resource/bioportal-po-uni-mannheim","http://swlab.ic.uff.br/resource/bioportal-tao","http://swlab.ic.uff.br/resource/bioportal-ncbitaxon","http://swlab.ic.uff.br/resource/bioportal-spto","http://swlab.ic.uff.br/resource/bioportal-gro_x1","http://swlab.ic.uff.br/resource/bioportal-zfa"
"http://swlab.ic.uff.br/resource/bioportal-po-uni-mannheim","http://swlab.ic.uff.br/resource/bioportal-hao","http://swlab.ic.uff.br/resource/bioportal-canco","http://swlab.ic.uff.br/resource/bioportal-mccl_x1","http://swlab.ic.uff.br/resource/bioportal-spto","http://swlab.ic.uff.br/resource/bioportal-rid"
"http://swlab.ic.uff.br/resource/bioportal-po-uni-mannheim","http://swlab.ic.uff.br/resource/bioportal-gro_x1","http://swlab.ic.uff.br/resource/bioportal-canco","http://swlab.ic.uff.br/resource/bioportal-rid","http://swlab.ic.uff.br/resource/bioportal-spto","http://swlab.ic.uff.br/resource/bioportal-hao"
"http://swlab.ic.uff.br/resource/bioportal-po-uni-mannheim","http://swlab.ic.uff.br/resource/bioportal-gro_x1","http://swlab.ic.uff.br/resource/bioportal-tao","http://swlab.ic.uff.br/resource/bioportal-canco","http://swlab.ic.uff.br/resource/bioportal-nif","http://swlab.ic.uff.br/resource/bioportal-ncbitaxon"
"http://swlab.ic.uff.br/resource/bioportal-po-uni-mannheim","http://swlab.ic.uff.br/resource/bioportal-ncbitaxon","http://swlab.ic.uff.br/resource/bioportal-spto","http://swlab.ic.uff.br/resource/bioportal-canco","http://swlab.ic.uff.br/resource/bioportal-zfa","http://swlab.ic.uff.br/resource/bioportal-gro_x1"
"http://swlab.ic.uff.br/resource/bioportal-cpt-uni-mannheim","http://swlab.ic.uff.br/resource/bioportal-chebi","http://swlab.ic.uff.br/resource/bioportal-canco","http://swlab.ic.uff.br/resource/bioportal-nddf","http://swlab.ic.uff.br/resource/bioportal-pdq","http://swlab.ic.uff.br/resource/bioportal-icpc2p"
"http://swlab.ic.uff.br/resource/bioportal-cpt-uni-mannheim","http://swlab.ic.uff.br/resource/bioportal-ncbitaxon","http://swlab.ic.uff.br/resource/bioportal-nif","http://swlab.ic.uff.br/resource/bioportal-rid","http://swlab.ic.uff.br/resource/bioportal-chebi","http://swlab.ic.uff.br/resource/bioportal-mccl_x1"
"http://swlab.ic.uff.br/resource/bioportal-cpt-uni-mannheim","http://swlab.ic.uff.br/resource/bioportal-rcd","http://swlab.ic.uff.br/resource/bioportal-mccl_x1","http://swlab.ic.uff.br/resource/bioportal-nddf","http://swlab.ic.uff.br/resource/bioportal-ncbitaxon","http://swlab.ic.uff.br/resource/bioportal-nif"
"http://swlab.ic.uff.br/resource/bioportal-cpt-uni-mannheim","http://swlab.ic.uff.br/resource/bioportal-nif","http://swlab.ic.uff.br/resource/bioportal-rcd","http://swlab.ic.uff.br/resource/bioportal-chebi","http://swlab.ic.uff.br/resource/bioportal-mccl_x1","http://swlab.ic.uff.br/resource/bioportal-ncbitaxon"
"http://swlab.ic.uff.br/resource/bioportal-cpt-uni-mannheim","http://swlab.ic.uff.br/resource/bioportal-ncbitaxon","http://swlab.ic.uff.br/resource/bioportal-icpc2p","http://swlab.ic.uff.br/resource/bioportal-rid","http://swlab.ic.uff.br/resource/bioportal-nddf","http://swlab.ic.uff.br/resource/bioportal-canco"
"http://swlab.ic.uff.br/resource/bioportal-bao-uni-mannheim","http://swlab.ic.uff.br/resource/bioportal-bfo","http://swlab.ic.uff.br/resource/bioportal-ontodt","http://swlab.ic.uff.br/resource/bioportal-sao","http://swlab.ic.uff.br/resource/bioportal-icnp","http://swlab.ic.uff.br/resource/bioportal-idobru"
"http://swlab.ic.uff.br/resource/bioportal-bao-uni-mannheim","http://swlab.ic.uff.br/resource/bioportal-rid","http://swlab.ic.uff.br/resource/bioportal-mccl_x1","http://swlab.ic.uff.br/resource/bioportal-snpo","http://swlab.ic.uff.br/resource/bioportal-gro_x2","http://swlab.ic.uff.br/resource/bioportal-canco"
"http://swlab.ic.uff.br/resource/bioportal-bao-uni-mannheim","http://swlab.ic.uff.br/resource/bioportal-icnp","http://swlab.ic.uff.br/resource/bioportal-nemo_x1","http://swlab.ic.uff.br/resource/bioportal-idobru","http://swlab.ic.uff.br/resource/bioportal-ocre","http://swlab.ic.uff.br/resource/bioportal-mccl"
"http://swlab.ic.uff.br/resource/bioportal-bao-uni-mannheim","http://swlab.ic.uff.br/resource/bioportal-mccl_x1","http://swlab.ic.uff.br/resource/bioportal-gro_x2","http://swlab.ic.uff.br/resource/bioportal-canco","http://swlab.ic.uff.br/resource/bioportal-zfa","http://swlab.ic.uff.br/resource/bioportal-nif"
"http://swlab.ic.uff.br/resource/bioportal-bao-uni-mannheim","http://swlab.ic.uff.br/resource/bioportal-mccl","http://swlab.ic.uff.br/resource/bioportal-nddf","http://swlab.ic.uff.br/resource/bioportal-aero","http://swlab.ic.uff.br/resource/bioportal-nemo_x1","http://swlab.ic.uff.br/resource/bioportal-obi"
"http://swlab.ic.uff.br/resource/bioportal-mf-uni-mannheim","http://swlab.ic.uff.br/resource/bioportal-sao","http://swlab.ic.uff.br/resource/bioportal-neomark","http://swlab.ic.uff.br/resource/bioportal-bfo","http://swlab.ic.uff.br/resource/bioportal-vo","http://swlab.ic.uff.br/resource/bioportal-bao"
"http://swlab.ic.uff.br/resource/bioportal-mf-uni-mannheim","http://swlab.ic.uff.br/resource/bioportal-mfoem","http://swlab.ic.uff.br/resource/bioportal-bfo","http://swlab.ic.uff.br/resource/bioportal-obi","http://swlab.ic.uff.br/resource/bioportal-canco","http://swlab.ic.uff.br/resource/bioportal-nemo_x1"
"http://swlab.ic.uff.br/resource/bioportal-mf-uni-mannheim","http://swlab.ic.uff.br/resource/bioportal-vo","http://swlab.ic.uff.br/resource/bioportal-obi","http://swlab.ic.uff.br/resource/bioportal-sao","http://swlab.ic.uff.br/resource/bioportal-nif","http://swlab.ic.uff.br/resource/bioportal-idobru"
"http://swlab.ic.uff.br/resource/bioportal-mf-uni-mannheim","http://swlab.ic.uff.br/resource/bioportal-nemo_x1","http://swlab.ic.uff.br/resource/bioportal-vo","http://swlab.ic.uff.br/resource/bioportal-obi","http://swlab.ic.uff.br/resource/bioportal-ontodt","http://swlab.ic.uff.br/resource/bioportal-cao"
"http://swlab.ic.uff.br/resource/bioportal-mf-uni-mannheim","http://swlab.ic.uff.br/resource/bioportal-obi","http://swlab.ic.uff.br/resource/bioportal-bfo","http://swlab.ic.uff.br/resource/bioportal-aero","http://swlab.ic.uff.br/resource/bioportal-cao","http://swlab.ic.uff.br/resource/bioportal-ontodt"
"http://swlab.ic.uff.br/resource/bioportal-tao-uni-mannheim","http://swlab.ic.uff.br/resource/bioportal-obi","http://swlab.ic.uff.br/resource/bioportal-wbbt","http://swlab.ic.uff.br/resource/bioportal-gro_x1","http://swlab.ic.uff.br/resource/bioportal-mccl_x1","http://swlab.ic.uff.br/resource/bioportal-rid"
"http://swlab.ic.uff.br/resource/bioportal-tao-uni-mannheim","http://swlab.ic.uff.br/resource/bioportal-hao","http://swlab.ic.uff.br/resource/bioportal-bao","http://swlab.ic.uff.br/resource/bioportal-rcd","http://swlab.ic.uff.br/resource/bioportal-canco","http://swlab.ic.uff.br/resource/bioportal-rid"
"http://swlab.ic.uff.br/resource/bioportal-tao-uni-mannheim","http://swlab.ic.uff.br/resource/bioportal-mccl_x1","http://swlab.ic.uff.br/resource/bioportal-icnp","http://swlab.ic.uff.br/resource/bioportal-po_x2","http://swlab.ic.uff.br/resource/bioportal-nif","http://swlab.ic.uff.br/resource/bioportal-vhog"
"http://swlab.ic.uff.br/resource/bioportal-tao-uni-mannheim","http://swlab.ic.uff.br/resource/bioportal-obi","http://swlab.ic.uff.br/resource/bioportal-vhog","http://swlab.ic.uff.br/resource/bioportal-rid","http://swlab.ic.uff.br/resource/bioportal-icnp","http://swlab.ic.uff.br/resource/bioportal-idomal"
"http://swlab.ic.uff.br/resource/bioportal-tao-uni-mannheim","http://swlab.ic.uff.br/resource/bioportal-po","http://swlab.ic.uff.br/resource/bioportal-rid","http://swlab.ic.uff.br/resource/bioportal-basic-vertebrate-gross-anatomy","http://swlab.ic.uff.br/resource/bioportal-vhog","http://swlab.ic.uff.br/resource/bioportal-gro_x1"
"http://swlab.ic.uff.br/resource/bioportal-snpo-uni-mannheim","http://swlab.ic.uff.br/resource/bioportal-cdao","http://swlab.ic.uff.br/resource/bioportal-gro_x2","http://swlab.ic.uff.br/resource/bioportal-nif","http://swlab.ic.uff.br/resource/bioportal-chebi","http://swlab.ic.uff.br/resource/bioportal-idobru"
"http://swlab.ic.uff.br/resource/bioportal-snpo-uni-mannheim","http://swlab.ic.uff.br/resource/bioportal-pdq","http://swlab.ic.uff.br/resource/bioportal-idobru","http://swlab.ic.uff.br/resource/bioportal-pato","http://swlab.ic.uff.br/resource/bioportal-sao","http://swlab.ic.uff.br/resource/bioportal-vo"
"http://swlab.ic.uff.br/resource/bioportal-snpo-uni-mannheim","http://swlab.ic.uff.br/resource/bioportal-nddf","http://swlab.ic.uff.br/resource/bioportal-sao","http://swlab.ic.uff.br/resource/bioportal-pdq","http://swlab.ic.uff.br/resource/bioportal-idobru","http://swlab.ic.uff.br/resource/bioportal-canco"
"http://swlab.ic.uff.br/resource/bioportal-snpo-uni-mannheim","http://swlab.ic.uff.br/resource/bioportal-rcd","http://swlab.ic.uff.br/resource/bioportal-bao","http://swlab.ic.uff.br/resource/bioportal-pdq","http://swlab.ic.uff.br/resource/bioportal-rid","http://swlab.ic.uff.br/resource/bioportal-idobru"
"http://swlab.ic.uff.br/resource/bioportal-snpo-uni-mannheim","http://swlab.ic.uff.br/resource/bioportal-mao","http://swlab.ic.uff.br/resource/bioportal-gro_x2","http://swlab.ic.uff.br/resource/bioportal-nif","http://swlab.ic.uff.br/resource/bioportal-rcd","http://swlab.ic.uff.br/resource/bioportal-canco"
"http://swlab.ic.uff.br/resource/bioportal-icnp-uni-mannheim","http://swlab.ic.uff.br/resource/bioportal-mfoem","http://swlab.ic.uff.br/resource/bioportal-wbbt","http://swlab.ic.uff.br/resource/bioportal-ontoorpha","http://swlab.ic.uff.br/resource/bioportal-aero","http://swlab.ic.uff.br/resource/bioportal-zfa"
"http://swlab.ic.uff.br/resource/bioportal-icnp-uni-mannheim","http://swlab.ic.uff.br/resource/bioportal-sitbac","http://swlab.ic.uff.br/resource/bioportal-ontoorpha","http://swlab.ic.uff.br/resource/bioportal-nif","http://swlab.ic.uff.br/resource/bioportal-mccl_x1","http://swlab.ic.uff.br/resource/bioportal-pdq"
"http://swlab.ic.uff.br/resource/bioportal-icnp-uni-mannheim","http://swlab.ic.uff.br/resource/bioportal-natpro","http://swlab.ic.uff.br/resource/bioportal-nddf","http://swlab.ic.uff.br/resource/bioportal-tao","http://swlab.ic.uff.br/resource/bioportal-bao","http://swlab.ic.uff.br/resource/bioportal-wbbt"
"http://swlab.ic.uff.br/resource/bioportal-icnp-uni-mannheim","http://swlab.ic.uff.br/resource/bioportal-mccl_x1","http://swlab.ic.uff.br/resource/bioportal-idobru","http://swlab.ic.uff.br/resource/bioportal-tao","http://swlab.ic.uff.br/resource/bioportal-basic-vertebrate-gross-anatomy","http://swlab.ic.uff.br/resource/bioportal-mpath"
"http://swlab.ic.uff.br/resource/bioportal-icnp-uni-mannheim","http://swlab.ic.uff.br/resource/bioportal-nemo_x1","http://swlab.ic.uff.br/resource/bioportal-opl","http://swlab.ic.uff.br/resource/bioportal-sitbac","http://swlab.ic.uff.br/resource/bioportal-idomal","http://swlab.ic.uff.br/resource/bioportal-nif"
"http://swlab.ic.uff.br/resource/bioportal-neomark-uni-mannheim","http://swlab.ic.uff.br/resource/bioportal-idobru","http://swlab.ic.uff.br/resource/bioportal-mf","http://swlab.ic.uff.br/resource/bioportal-rid","http://swlab.ic.uff.br/resource/bioportal-vo","http://swlab.ic.uff.br/resource/bioportal-natpro"
"http://swlab.ic.uff.br/resource/bioportal-neomark-uni-mannheim","http://swlab.ic.uff.br/resource/bioportal-natpro","http://swlab.ic.uff.br/resource/bioportal-miro","http://swlab.ic.uff.br/resource/bioportal-canco","http://swlab.ic.uff.br/resource/bioportal-nemo_x1","http://swlab.ic.uff.br/resource/bioportal-obi"
"http://swlab.ic.uff.br/resource/bioportal-neomark-uni-mannheim","http://swlab.ic.uff.br/resource/bioportal-aero","http://swlab.ic.uff.br/resource/bioportal-rid","http://swlab.ic.uff.br/resource/bioportal-mfoem","http://swlab.ic.uff.br/resource/bioportal-nif","http://swlab.ic.uff.br/resource/bioportal-rcd"
"http://swlab.ic.uff.br/resource/bioportal-neomark-uni-mannheim","http://swlab.ic.uff.br/resource/bioportal-nif","http://swlab.ic.uff.br/resource/bioportal-rcd","http://swlab.ic.uff.br/resource/bioportal-canco","http://swlab.ic.uff.br/resource/bioportal-vo","http://swlab.ic.uff.br/resource/bioportal-nemo_x1"
"http://swlab.ic.uff.br/resource/bioportal-neomark-uni-mannheim","http://swlab.ic.uff.br/resource/bioportal-nif","http://swlab.ic.uff.br/resource/bioportal-obi","http://swlab.ic.uff.br/resource/bioportal-nemo_x1","http://swlab.ic.uff.br/resource/bioportal-miro","http://swlab.ic.uff.br/resource/bioportal-idobru"
"http://swlab.ic.uff.br/resource/bioportal-hao-uni-mannheim","http://swlab.ic.uff.br/resource/bioportal-rid","http://swlab.ic.uff.br/resource/bioportal-canco","http://swlab.ic.uff.br/resource/bioportal-spd","http://swlab.ic.uff.br/resource/bioportal-mccl","http://swlab.ic.uff.br/resource/bioportal-po_x2"
"http://swlab.ic.uff.br/resource/bioportal-hao-uni-mannheim","http://swlab.ic.uff.br/resource/bioportal-mccl","http://swlab.ic.uff.br/resource/bioportal-gro_x1","http://swlab.ic.uff.br/resource/bioportal-po","http://swlab.ic.uff.br/resource/bioportal-idomal","http://swlab.ic.uff.br/resource/bioportal-po_x2"
"http://swlab.ic.uff.br/resource/bioportal-hao-uni-mannheim","http://swlab.ic.uff.br/resource/bioportal-canco","http://swlab.ic.uff.br/resource/bioportal-ncbitaxon","http://swlab.ic.uff.br/resource/bioportal-vhog","http://swlab.ic.uff.br/resource/bioportal-wbbt","http://swlab.ic.uff.br/resource/bioportal-zfa"
"http://swlab.ic.uff.br/resource/bioportal-hao-uni-mannheim","http://swlab.ic.uff.br/resource/bioportal-wbbt","http://swlab.ic.uff.br/resource/bioportal-idomal","http://swlab.ic.uff.br/resource/bioportal-nemo_x1","http://swlab.ic.uff.br/resource/bioportal-spd","http://swlab.ic.uff.br/resource/bioportal-nif"
"http://swlab.ic.uff.br/resource/bioportal-hao-uni-mannheim","http://swlab.ic.uff.br/resource/bioportal-nemo_x1","http://swlab.ic.uff.br/resource/bioportal-ncbitaxon","http://swlab.ic.uff.br/resource/bioportal-mccl_x1","http://swlab.ic.uff.br/resource/bioportal-wbbt","http://swlab.ic.uff.br/resource/bioportal-canco"
"http://swlab.ic.uff.br/resource/bioportal-obi-uni-mannheim","http://swlab.ic.uff.br/resource/bioportal-bao","http://swlab.ic.uff.br/resource/bioportal-icpc2p","http://swlab.ic.uff.br/resource/bioportal-uo","http://swlab.ic.uff.br/resource/bioportal-nddf","http://swlab.ic.uff.br/resource/bioportal-cao"
"http://swlab.ic.uff.br/resource/bioportal-obi-uni-mannheim","http://swlab.ic.uff.br/resource/bioportal-vo","http://swlab.ic.uff.br/resource/bioportal-ontodt","http://swlab.ic.uff.br/resource/bioportal-uo","http://swlab.ic.uff.br/resource/bioportal-nemo_x1","http://swlab.ic.uff.br/resource/bioportal-tao"
"http://swlab.ic.uff.br/resource/bioportal-obi-uni-mannheim","http://swlab.ic.uff.br/resource/bioportal-bao","http://swlab.ic.uff.br/resource/bioportal-ncbitaxon","http://swlab.ic.uff.br/resource/bioportal-chebi","http://swlab.ic.uff.br/resource/bioportal-ontodt","http://swlab.ic.uff.br/resource/bioportal-zfa"
"http://swlab.ic.uff.br/resource/bioportal-obi-uni-mannheim","http://swlab.ic.uff.br/resource/bioportal-miro","http://swlab.ic.uff.br/resource/bioportal-gro_x2","http://swlab.ic.uff.br/resource/bioportal-chebi","http://swlab.ic.uff.br/resource/bioportal-mf","http://swlab.ic.uff.br/resource/bioportal-vhog"
"http://swlab.ic.uff.br/resource/bioportal-obi-uni-mannheim","http://swlab.ic.uff.br/resource/bioportal-rid","http://swlab.ic.uff.br/resource/bioportal-neomark","http://swlab.ic.uff.br/resource/bioportal-icnp","http://swlab.ic.uff.br/resource/bioportal-vo","http://swlab.ic.uff.br/resource/bioportal-canco"
"http://swlab.ic.uff.br/resource/bioportal-wbbt-uni-mannheim","http://swlab.ic.uff.br/resource/bioportal-obi","http://swlab.ic.uff.br/resource/bioportal-rid","http://swlab.ic.uff.br/resource/bioportal-mccl_x1","http://swlab.ic.uff.br/resource/bioportal-tao","http://swlab.ic.uff.br/resource/bioportal-rcd"
"http://swlab.ic.uff.br/resource/bioportal-wbbt-uni-mannheim","http://swlab.ic.uff.br/resource/bioportal-zfa","http://swlab.ic.uff.br/resource/bioportal-mccl_x1","http://swlab.ic.uff.br/resource/bioportal-rid","http://swlab.ic.uff.br/resource/bioportal-vhog","http://swlab.ic.uff.br/resource/bioportal-rcd"
"http://swlab.ic.uff.br/resource/bioportal-wbbt-uni-mannheim","http://swlab.ic.uff.br/resource/bioportal-zfa","http://swlab.ic.uff.br/resource/bioportal-icnp","http://swlab.ic.uff.br/resource/bioportal-mccl","http://swlab.ic.uff.br/resource/bioportal-obi","http://swlab.ic.uff.br/resource/bioportal-canco"
"http://swlab.ic.uff.br/resource/bioportal-wbbt-uni-mannheim","http://swlab.ic.uff.br/resource/bioportal-canco","http://swlab.ic.uff.br/resource/bioportal-rcd","http://swlab.ic.uff.br/resource/bioportal-mccl","http://swlab.ic.uff.br/resource/bioportal-zfa","http://swlab.ic.uff.br/resource/bioportal-icnp"
"http://swlab.ic.uff.br/resource/bioportal-wbbt-uni-mannheim","http://swlab.ic.uff.br/resource/bioportal-hao","http://swlab.ic.uff.br/resource/bioportal-rid","http://swlab.ic.uff.br/resource/bioportal-canco","http://swlab.ic.uff.br/resource/bioportal-obi","http://swlab.ic.uff.br/resource/bioportal-mccl_x1"
"http://swlab.ic.uff.br/resource/bioportal-po_x2-uni-mannheim","http://swlab.ic.uff.br/resource/bioportal-nif","http://swlab.ic.uff.br/resource/bioportal-rcd","http://swlab.ic.uff.br/resource/bioportal-tao","http://swlab.ic.uff.br/resource/bioportal-ncbitaxon","http://swlab.ic.uff.br/resource/bioportal-po"
"http://swlab.ic.uff.br/resource/bioportal-po_x2-uni-mannheim","http://swlab.ic.uff.br/resource/bioportal-mccl_x1","http://swlab.ic.uff.br/resource/bioportal-canco","http://swlab.ic.uff.br/resource/bioportal-rid","http://swlab.ic.uff.br/resource/bioportal-ncbitaxon","http://swlab.ic.uff.br/resource/bioportal-nif"
"http://swlab.ic.uff.br/resource/bioportal-po_x2-uni-mannheim","http://swlab.ic.uff.br/resource/bioportal-tao","http://swlab.ic.uff.br/resource/bioportal-hao","http://swlab.ic.uff.br/resource/bioportal-rid","http://swlab.ic.uff.br/resource/bioportal-gro_x1","http://swlab.ic.uff.br/resource/bioportal-spto"
"http://swlab.ic.uff.br/resource/bioportal-po_x2-uni-mannheim","http://swlab.ic.uff.br/resource/bioportal-po","http://swlab.ic.uff.br/resource/bioportal-rid","http://swlab.ic.uff.br/resource/bioportal-spto","http://swlab.ic.uff.br/resource/bioportal-rcd","http://swlab.ic.uff.br/resource/bioportal-tao"
"http://swlab.ic.uff.br/resource/bioportal-po_x2-uni-mannheim","http://swlab.ic.uff.br/resource/bioportal-rid","http://swlab.ic.uff.br/resource/bioportal-hao","http://swlab.ic.uff.br/resource/bioportal-mccl_x1","http://swlab.ic.uff.br/resource/bioportal-rcd","http://swlab.ic.uff.br/resource/bioportal-canco"
"http://swlab.ic.uff.br/resource/bioportal-natpro-uni-mannheim","http://swlab.ic.uff.br/resource/bioportal-fbsp","http://swlab.ic.uff.br/resource/bioportal-icpc2p","http://swlab.ic.uff.br/resource/bioportal-rid","http://swlab.ic.uff.br/resource/bioportal-pdq","http://swlab.ic.uff.br/resource/bioportal-mpath"
"http://swlab.ic.uff.br/resource/bioportal-natpro-uni-mannheim","http://swlab.ic.uff.br/resource/bioportal-canco","http://swlab.ic.uff.br/resource/bioportal-mp","http://swlab.ic.uff.br/resource/bioportal-icnp","http://swlab.ic.uff.br/resource/bioportal-gro_x2","http://swlab.ic.uff.br/resource/bioportal-idomal"
"http://swlab.ic.uff.br/resource/bioportal-natpro-uni-mannheim","http://swlab.ic.uff.br/resource/bioportal-obi","http://swlab.ic.uff.br/resource/bioportal-mccl_x1","http://swlab.ic.uff.br/resource/bioportal-icpc2p","http://swlab.ic.uff.br/resource/bioportal-bao","http://swlab.ic.uff.br/resource/bioportal-chebi"
"http://swlab.ic.uff.br/resource/bioportal-natpro-uni-mannheim","http://swlab.ic.uff.br/resource/bioportal-fhho","http://swlab.ic.uff.br/resource/bioportal-mp","http://swlab.ic.uff.br/resource/bioportal-neomark","http://swlab.ic.uff.br/resource/bioportal-mccl","http://swlab.ic.uff.br/resource/bioportal-icpc2p"
"http://swlab.ic.uff.br/resource/bioportal-natpro-uni-mannheim","http://swlab.ic.uff.br/resource/bioportal-mccl_x1","http://swlab.ic.uff.br/resource/bioportal-ontoorpha","http://swlab.ic.uff.br/resource/bioportal-gro_x2","http://swlab.ic.uff.br/resource/bioportal-ncbitaxon","http://swlab.ic.uff.br/resource/bioportal-icnp"
"http://swlab.ic.uff.br/resource/bioportal-icpc2p-uni-mannheim","http://swlab.ic.uff.br/resource/bioportal-mfoem","http://swlab.ic.uff.br/resource/bioportal-aero","http://swlab.ic.uff.br/resource/bioportal-pdq","http://swlab.ic.uff.br/resource/bioportal-pato","http://swlab.ic.uff.br/resource/bioportal-mccl"
"http://swlab.ic.uff.br/resource/bioportal-icpc2p-uni-mannheim","http://swlab.ic.uff.br/resource/bioportal-cpt","http://swlab.ic.uff.br/resource/bioportal-obi","http://swlab.ic.uff.br/resource/bioportal-ogmd","http://swlab.ic.uff.br/resource/bioportal-vo","http://swlab.ic.uff.br/resource/bioportal-rcd"
"http://swlab.ic.uff.br/resource/bioportal-icpc2p-uni-mannheim","http://swlab.ic.uff.br/resource/bioportal-ontoorpha","http://swlab.ic.uff.br/resource/bioportal-cpt","http://swlab.ic.uff.br/resource/bioportal-idomal","http://swlab.ic.uff.br/resource/bioportal-ctx","http://swlab.ic.uff.br/resource/bioportal-aero"
"http://swlab.ic.uff.br/resource/bioportal-icpc2p-uni-mannheim","http://swlab.ic.uff.br/resource/bioportal-pdq","http://swlab.ic.uff.br/resource/bioportal-vo","http://swlab.ic.uff.br/resource/bioportal-canco","http://swlab.ic.uff.br/resource/bioportal-aero","http://swlab.ic.uff.br/resource/bioportal-mpath"
"http://swlab.ic.uff.br/resource/bioportal-icpc2p-uni-mannheim","http://swlab.ic.uff.br/resource/bioportal-neomark","http://swlab.ic.uff.br/resource/bioportal-cpt","http://swlab.ic.uff.br/resource/bioportal-canco","http://swlab.ic.uff.br/resource/bioportal-mccl_x1","http://swlab.ic.uff.br/resource/bioportal-ncbitaxon"
"http://swlab.ic.uff.br/resource/bioportal-idobru-uni-mannheim","http://swlab.ic.uff.br/resource/bioportal-fbsp","http://swlab.ic.uff.br/resource/bioportal-ocre","http://swlab.ic.uff.br/resource/bioportal-icnp","http://swlab.ic.uff.br/resource/bioportal-natpro","http://swlab.ic.uff.br/resource/bioportal-opl"
"http://swlab.ic.uff.br/resource/bioportal-idobru-uni-mannheim","http://swlab.ic.uff.br/resource/bioportal-natpro","http://swlab.ic.uff.br/resource/bioportal-canco","http://swlab.ic.uff.br/resource/bioportal-ontodt","http://swlab.ic.uff.br/resource/bioportal-sao","http://swlab.ic.uff.br/resource/bioportal-bao"
"http://swlab.ic.uff.br/resource/bioportal-idobru-uni-mannheim","http://swlab.ic.uff.br/resource/bioportal-mccl_x1","http://swlab.ic.uff.br/resource/bioportal-mccl","http://swlab.ic.uff.br/resource/bioportal-nemo_x1","http://swlab.ic.uff.br/resource/bioportal-obi","http://swlab.ic.uff.br/resource/bioportal-natpro"
"http://swlab.ic.uff.br/resource/bioportal-idobru-uni-mannheim","http://swlab.ic.uff.br/resource/bioportal-obi","http://swlab.ic.uff.br/resource/bioportal-idomal","http://swlab.ic.uff.br/resource/bioportal-gro_x2","http://swlab.ic.uff.br/resource/bioportal-mccl_x1","http://swlab.ic.uff.br/resource/bioportal-bfo"
"http://swlab.ic.uff.br/resource/bioportal-idobru-uni-mannheim","http://swlab.ic.uff.br/resource/bioportal-canco","http://swlab.ic.uff.br/resource/bioportal-neomark","http://swlab.ic.uff.br/resource/bioportal-miro","http://swlab.ic.uff.br/resource/bioportal-bao","http://swlab.ic.uff.br/resource/bioportal-ontodt"
"http://swlab.ic.uff.br/resource/bioportal-mccl_x1-uni-mannheim","http://swlab.ic.uff.br/resource/bioportal-obi","http://swlab.ic.uff.br/resource/bioportal-mpath","http://swlab.ic.uff.br/resource/bioportal-hao","http://swlab.ic.uff.br/resource/bioportal-vhog","http://swlab.ic.uff.br/resource/bioportal-chebi"
"http://swlab.ic.uff.br/resource/bioportal-mccl_x1-uni-mannheim","http://swlab.ic.uff.br/resource/bioportal-natpro","http://swlab.ic.uff.br/resource/bioportal-vo","http://swlab.ic.uff.br/resource/bioportal-ctx","http://swlab.ic.uff.br/resource/bioportal-mp","http://swlab.ic.uff.br/resource/bioportal-vhog"
"http://swlab.ic.uff.br/resource/bioportal-mccl_x1-uni-mannheim","http://swlab.ic.uff.br/resource/bioportal-snpo","http://swlab.ic.uff.br/resource/bioportal-icnp","http://swlab.ic.uff.br/resource/bioportal-gro_x2","http://swlab.ic.uff.br/resource/bioportal-sao","http://swlab.ic.uff.br/resource/bioportal-vhog"
"http://swlab.ic.uff.br/resource/bioportal-mccl_x1-uni-mannheim","http://swlab.ic.uff.br/resource/bioportal-basic-vertebrate-gross-anatomy","http://swlab.ic.uff.br/resource/bioportal-mpath","http://swlab.ic.uff.br/resource/bioportal-hao","http://swlab.ic.uff.br/resource/bioportal-spd","http://swlab.ic.uff.br/resource/bioportal-ctx"
"http://swlab.ic.uff.br/resource/bioportal-mccl_x1-uni-mannheim","http://swlab.ic.uff.br/resource/bioportal-basic-vertebrate-gross-anatomy","http://swlab.ic.uff.br/resource/bioportal-ontoorpha","http://swlab.ic.uff.br/resource/bioportal-chebi","http://swlab.ic.uff.br/resource/bioportal-snpo","http://swlab.ic.uff.br/resource/bioportal-canco"
"http://swlab.ic.uff.br/resource/bioportal-rcd-uni-mannheim","http://swlab.ic.uff.br/resource/bioportal-gro_x1","http://swlab.ic.uff.br/resource/bioportal-ncbitaxon","http://swlab.ic.uff.br/resource/bioportal-iev","http://swlab.ic.uff.br/resource/bioportal-rid","http://swlab.ic.uff.br/resource/bioportal-bao"
"http://swlab.ic.uff.br/resource/bioportal-rcd-uni-mannheim","http://swlab.ic.uff.br/resource/bioportal-sep","http://swlab.ic.uff.br/resource/bioportal-ncbitaxon","http://swlab.ic.uff.br/resource/bioportal-po","http://swlab.ic.uff.br/resource/bioportal-fbsp","http://swlab.ic.uff.br/resource/bioportal-idobru"
"http://swlab.ic.uff.br/resource/bioportal-rcd-uni-mannheim","http://swlab.ic.uff.br/resource/bioportal-natpro","http://swlab.ic.uff.br/resource/bioportal-tao","http://swlab.ic.uff.br/resource/bioportal-obi","http://swlab.ic.uff.br/resource/bioportal-sep","http://swlab.ic.uff.br/resource/bioportal-xco"
"http://swlab.ic.uff.br/resource/bioportal-rcd-uni-mannheim","http://swlab.ic.uff.br/resource/bioportal-idobru","http://swlab.ic.uff.br/resource/bioportal-po","http://swlab.ic.uff.br/resource/bioportal-mccl_x1","http://swlab.ic.uff.br/resource/bioportal-natpro","http://swlab.ic.uff.br/resource/bioportal-mpath"
"http://swlab.ic.uff.br/resource/bioportal-rcd-uni-mannheim","http://swlab.ic.uff.br/resource/bioportal-ctx","http://swlab.ic.uff.br/resource/bioportal-zfa","http://swlab.ic.uff.br/resource/bioportal-spto","http://swlab.ic.uff.br/resource/bioportal-icpc2p","http://swlab.ic.uff.br/resource/bioportal-tao"
"http://swlab.ic.uff.br/resource/bioportal-pato-uni-mannheim","http://swlab.ic.uff.br/resource/bioportal-icnp","http://swlab.ic.uff.br/resource/bioportal-rid","http://swlab.ic.uff.br/resource/bioportal-canco","http://swlab.ic.uff.br/resource/bioportal-rcd","http://swlab.ic.uff.br/resource/bioportal-vo"
"http://swlab.ic.uff.br/resource/bioportal-pato-uni-mannheim","http://swlab.ic.uff.br/resource/bioportal-spto","http://swlab.ic.uff.br/resource/bioportal-mp","http://swlab.ic.uff.br/resource/bioportal-nif","http://swlab.ic.uff.br/resource/bioportal-icnp","http://swlab.ic.uff.br/resource/bioportal-snpo"
"http://swlab.ic.uff.br/resource/bioportal-pato-uni-mannheim","http://swlab.ic.uff.br/resource/bioportal-uo","http://swlab.ic.uff.br/resource/bioportal-nemo_x1","http://swlab.ic.uff.br/resource/bioportal-aero","http://swlab.ic.uff.br/resource/bioportal-rid","http://swlab.ic.uff.br/resource/bioportal-snpo"
"http://swlab.ic.uff.br/resource/bioportal-pato-uni-mannheim","http://swlab.ic.uff.br/resource/bioportal-rcd","http://swlab.ic.uff.br/resource/bioportal-gro_x2","http://swlab.ic.uff.br/resource/bioportal-rid","http://swlab.ic.uff.br/resource/bioportal-nif","http://swlab.ic.uff.br/resource/bioportal-mp"
"http://swlab.ic.uff.br/resource/bioportal-pato-uni-mannheim","http://swlab.ic.uff.br/resource/bioportal-snpo","http://swlab.ic.uff.br/resource/bioportal-gro_x2","http://swlab.ic.uff.br/resource/bioportal-rid","http://swlab.ic.uff.br/resource/bioportal-sao","http://swlab.ic.uff.br/resource/bioportal-obi"
"http://swlab.ic.uff.br/resource/bioportal-mccl-uni-mannheim","http://swlab.ic.uff.br/resource/bioportal-mpath","http://swlab.ic.uff.br/resource/bioportal-nif","http://swlab.ic.uff.br/resource/bioportal-rcd","http://swlab.ic.uff.br/resource/bioportal-mccl_x1","http://swlab.ic.uff.br/resource/bioportal-natpro"
"http://swlab.ic.uff.br/resource/bioportal-mccl-uni-mannheim","http://swlab.ic.uff.br/resource/bioportal-vhog","http://swlab.ic.uff.br/resource/bioportal-pdq","http://swlab.ic.uff.br/resource/bioportal-natpro","http://swlab.ic.uff.br/resource/bioportal-canco","http://swlab.ic.uff.br/resource/bioportal-rcd"
"http://swlab.ic.uff.br/resource/bioportal-mccl-uni-mannheim","http://swlab.ic.uff.br/resource/bioportal-nddf","http://swlab.ic.uff.br/resource/bioportal-zfa","http://swlab.ic.uff.br/resource/bioportal-rid","http://swlab.ic.uff.br/resource/bioportal-hao","http://swlab.ic.uff.br/resource/bioportal-canco"
"http://swlab.ic.uff.br/resource/bioportal-mccl-uni-mannheim","http://swlab.ic.uff.br/resource/bioportal-vhog","http://swlab.ic.uff.br/resource/bioportal-obi","http://swlab.ic.uff.br/resource/bioportal-natpro","http://swlab.ic.uff.br/resource/bioportal-hao","http://swlab.ic.uff.br/resource/bioportal-rid"
"http://swlab.ic.uff.br/resource/bioportal-mccl-uni-mannheim","http://swlab.ic.uff.br/resource/bioportal-obi","http://swlab.ic.uff.br/resource/bioportal-zfa","http://swlab.ic.uff.br/resource/bioportal-rcd","http://swlab.ic.uff.br/resource/bioportal-pdq","http://swlab.ic.uff.br/resource/bioportal-mpath"
"http://swlab.ic.uff.br/resource/bioportal-idomal-uni-mannheim","http://swlab.ic.uff.br/resource/bioportal-aero","http://swlab.ic.uff.br/resource/bioportal-canco","http://swlab.ic.uff.br/resource/bioportal-mf","http://swlab.ic.uff.br/resource/bioportal-natpro","http://swlab.ic.uff.br/resource/bioportal-bao"
"http://swlab.ic.uff.br/resource/bioportal-idomal-uni-mannheim","http://swlab.ic.uff.br/resource/bioportal-sao","http://swlab.ic.uff.br/resource/bioportal-tao","http://swlab.ic.uff.br/resource/bioportal-canco","http://swlab.ic.uff.br/resource/bioportal-mccl_x1","http://swlab.ic.uff.br/resource/bioportal-rcd"
"http://swlab.ic.uff.br/resource/bioportal-idomal-uni-mannheim","http://swlab.ic.uff.br/resource/bioportal-natpro","http://swlab.ic.uff.br/resource/bioportal-canco","http://swlab.ic.uff.br/resource/bioportal-bao","http://swlab.ic.uff.br/resource/bioportal-opl","http://swlab.ic.uff.br/resource/bioportal-tao"
"http://swlab.ic.uff.br/resource/bioportal-idomal-uni-mannheim","http://swlab.ic.uff.br/resource/bioportal-bao","http://swlab.ic.uff.br/resource/bioportal-nif","http://swlab.ic.uff.br/resource/bioportal-canco","http://swlab.ic.uff.br/resource/bioportal-ontoorpha","http://swlab.ic.uff.br/resource/bioportal-mccl_x1"
"http://swlab.ic.uff.br/resource/bioportal-idomal-uni-mannheim","http://swlab.ic.uff.br/resource/bioportal-ncbitaxon","http://swlab.ic.uff.br/resource/bioportal-nemo_x1","http://swlab.ic.uff.br/resource/bioportal-vo","http://swlab.ic.uff.br/resource/bioportal-chebi","http://swlab.ic.uff.br/resource/bioportal-vhog"
"http://swlab.ic.uff.br/resource/bioportal-mfoem-uni-mannheim","http://swlab.ic.uff.br/resource/bioportal-obi","http://swlab.ic.uff.br/resource/bioportal-icpc2p","http://swlab.ic.uff.br/resource/bioportal-neomark","http://swlab.ic.uff.br/resource/bioportal-cao","http://swlab.ic.uff.br/resource/bioportal-vo"
"http://swlab.ic.uff.br/resource/bioportal-mfoem-uni-mannheim","http://swlab.ic.uff.br/resource/bioportal-nif","http://swlab.ic.uff.br/resource/bioportal-nemo_x1","http://swlab.ic.uff.br/resource/bioportal-ontodt","http://swlab.ic.uff.br/resource/bioportal-miro","http://swlab.ic.uff.br/resource/bioportal-obi"
"http://swlab.ic.uff.br/resource/bioportal-mfoem-uni-mannheim","http://swlab.ic.uff.br/resource/bioportal-canco","http://swlab.ic.uff.br/resource/bioportal-rcd","http://swlab.ic.uff.br/resource/bioportal-miro","http://swlab.ic.uff.br/resource/bioportal-nemo_x1","http://swlab.ic.uff.br/resource/bioportal-bao"
"http://swlab.ic.uff.br/resource/bioportal-mfoem-uni-mannheim","http://swlab.ic.uff.br/resource/bioportal-canco","http://swlab.ic.uff.br/resource/bioportal-sao","http://swlab.ic.uff.br/resource/bioportal-nemo_x1","http://swlab.ic.uff.br/resource/bioportal-ontodt","http://swlab.ic.uff.br/resource/bioportal-cao"
"http://swlab.ic.uff.br/resource/bioportal-mfoem-uni-mannheim","http://swlab.ic.uff.br/resource/bioportal-canco","http://swlab.ic.uff.br/resource/bioportal-idomal","http://swlab.ic.uff.br/resource/bioportal-sao","http://swlab.ic.uff.br/resource/bioportal-vo","http://swlab.ic.uff.br/resource/bioportal-rcd"
"http://swlab.ic.uff.br/resource/bioportal-vhog-uni-mannheim","http://swlab.ic.uff.br/resource/bioportal-mccl","http://swlab.ic.uff.br/resource/bioportal-rid","http://swlab.ic.uff.br/resource/bioportal-tao","http://swlab.ic.uff.br/resource/bioportal-basic-vertebrate-gross-anatomy","http://swlab.ic.uff.br/resource/bioportal-rcd"
"http://swlab.ic.uff.br/resource/bioportal-vhog-uni-mannheim","http://swlab.ic.uff.br/resource/bioportal-zfa","http://swlab.ic.uff.br/resource/bioportal-bao","http://swlab.ic.uff.br/resource/bioportal-opl","http://swlab.ic.uff.br/resource/bioportal-mccl_x1","http://swlab.ic.uff.br/resource/bioportal-rid"
"http://swlab.ic.uff.br/resource/bioportal-vhog-uni-mannheim","http://swlab.ic.uff.br/resource/bioportal-mccl","http://swlab.ic.uff.br/resource/bioportal-wbbt","http://swlab.ic.uff.br/resource/bioportal-idomal","http://swlab.ic.uff.br/resource/bioportal-canco","http://swlab.ic.uff.br/resource/bioportal-nif"
"http://swlab.ic.uff.br/resource/bioportal-vhog-uni-mannheim","http://swlab.ic.uff.br/resource/bioportal-wbbt","http://swlab.ic.uff.br/resource/bioportal-canco","http://swlab.ic.uff.br/resource/bioportal-zfa","http://swlab.ic.uff.br/resource/bioportal-rid","http://swlab.ic.uff.br/resource/bioportal-tao"
"http://swlab.ic.uff.br/resource/bioportal-vhog-uni-mannheim","http://swlab.ic.uff.br/resource/bioportal-canco","http://swlab.ic.uff.br/resource/bioportal-mccl","http://swlab.ic.uff.br/resource/bioportal-nif","http://swlab.ic.uff.br/resource/bioportal-rcd","http://swlab.ic.uff.br/resource/bioportal-mccl_x1"
"http://swlab.ic.uff.br/resource/bioportal-mp-uni-mannheim","http://swlab.ic.uff.br/resource/bioportal-icpc2p","http://swlab.ic.uff.br/resource/bioportal-mccl","http://swlab.ic.uff.br/resource/bioportal-ncbitaxon","http://swlab.ic.uff.br/resource/bioportal-ontoorpha","http://swlab.ic.uff.br/resource/bioportal-idomal"
"http://swlab.ic.uff.br/resource/bioportal-mp-uni-mannheim","http://swlab.ic.uff.br/resource/bioportal-ncbitaxon","http://swlab.ic.uff.br/resource/bioportal-ogmd","http://swlab.ic.uff.br/resource/bioportal-icnp","http://swlab.ic.uff.br/resource/bioportal-pato","http://swlab.ic.uff.br/resource/bioportal-mccl_x1"
"http://swlab.ic.uff.br/resource/bioportal-mp-uni-mannheim","http://swlab.ic.uff.br/resource/bioportal-pdq","http://swlab.ic.uff.br/resource/bioportal-nif","http://swlab.ic.uff.br/resource/bioportal-rid","http://swlab.ic.uff.br/resource/bioportal-rcd","http://swlab.ic.uff.br/resource/bioportal-canco"
"http://swlab.ic.uff.br/resource/bioportal-mp-uni-mannheim","http://swlab.ic.uff.br/resource/bioportal-rid","http://swlab.ic.uff.br/resource/bioportal-mccl","http://swlab.ic.uff.br/resource/bioportal-icnp","http://swlab.ic.uff.br/resource/bioportal-mpath","http://swlab.ic.uff.br/resource/bioportal-pdq"
"http://swlab.ic.uff.br/resource/bioportal-mp-uni-mannheim","http://swlab.ic.uff.br/resource/bioportal-ontoorpha","http://swlab.ic.uff.br/resource/bioportal-icnp","http://swlab.ic.uff.br/resource/bioportal-rcd","http://swlab.ic.uff.br/resource/bioportal-ogmd","http://swlab.ic.uff.br/resource/bioportal-rid"
"http://swlab.ic.uff.br/resource/bioportal-fbsp-uni-mannheim","http://swlab.ic.uff.br/resource/bioportal-natpro","http://swlab.ic.uff.br/resource/bioportal-obi","http://swlab.ic.uff.br/resource/bioportal-canco","http://swlab.ic.uff.br/resource/bioportal-idomal","http://swlab.ic.uff.br/resource/bioportal-ncbitaxon"
"http://swlab.ic.uff.br/resource/bioportal-fbsp-uni-mannheim","http://swlab.ic.uff.br/resource/bioportal-nif","http://swlab.ic.uff.br/resource/bioportal-natpro","http://swlab.ic.uff.br/resource/bioportal-opl","http://swlab.ic.uff.br/resource/bioportal-mccl_x1","http://swlab.ic.uff.br/resource/bioportal-vo"
"http://swlab.ic.uff.br/resource/bioportal-fbsp-uni-mannheim","http://swlab.ic.uff.br/resource/bioportal-rcd","http://swlab.ic.uff.br/resource/bioportal-vo","http://swlab.ic.uff.br/resource/bioportal-nif","http://swlab.ic.uff.br/resource/bioportal-bao","http://swlab.ic.uff.br/resource/bioportal-opl"
"http://swlab.ic.uff.br/resource/bioportal-fbsp-uni-mannheim","http://swlab.ic.uff.br/resource/bioportal-ncbitaxon","http://swlab.ic.uff.br/resource/bioportal-nddf","http://swlab.ic.uff.br/resource/bioportal-canco","http://swlab.ic.uff.br/resource/bioportal-rcd","http://swlab.ic.uff.br/resource/bioportal-obi"
"http://swlab.ic.uff.br/resource/bioportal-fbsp-uni-mannheim","http://swlab.ic.uff.br/resource/bioportal-idomal","http://swlab.ic.uff.br/resource/bioportal-vo","http://swlab.ic.uff.br/resource/bioportal-mccl_x1","http://swlab.ic.uff.br/resource/bioportal-natpro","http://swlab.ic.uff.br/resource/bioportal-nif"
"http://swlab.ic.uff.br/resource/bioportal-bfo-uni-mannheim","http://swlab.ic.uff.br/resource/bioportal-obi","http://swlab.ic.uff.br/resource/bioportal-nif","http://swlab.ic.uff.br/resource/bioportal-canco","http://swlab.ic.uff.br/resource/bioportal-idomal","http://swlab.ic.uff.br/resource/bioportal-idobru"
"http://swlab.ic.uff.br/resource/bioportal-bfo-uni-mannheim","http://swlab.ic.uff.br/resource/bioportal-nemo_x1","http://swlab.ic.uff.br/resource/bioportal-idobru","http://swlab.ic.uff.br/resource/bioportal-obi","http://swlab.ic.uff.br/resource/bioportal-sao","http://swlab.ic.uff.br/resource/bioportal-mf"
"http://swlab.ic.uff.br/resource/bioportal-bfo-uni-mannheim","http://swlab.ic.uff.br/resource/bioportal-idomal","http://swlab.ic.uff.br/resource/bioportal-aero","http://swlab.ic.uff.br/resource/bioportal-cao","http://swlab.ic.uff.br/resource/bioportal-canco","http://swlab.ic.uff.br/resource/bioportal-mf"
"http://swlab.ic.uff.br/resource/bioportal-bfo-uni-mannheim","http://swlab.ic.uff.br/resource/bioportal-miro","http://swlab.ic.uff.br/resource/bioportal-idomal","http://swlab.ic.uff.br/resource/bioportal-canco","http://swlab.ic.uff.br/resource/bioportal-sao","http://swlab.ic.uff.br/resource/bioportal-vo"
"http://swlab.ic.uff.br/resource/bioportal-bfo-uni-mannheim","http://swlab.ic.uff.br/resource/bioportal-bao","http://swlab.ic.uff.br/resource/bioportal-idobru","http://swlab.ic.uff.br/resource/bioportal-idomal","http://swlab.ic.uff.br/resource/bioportal-sao","http://swlab.ic.uff.br/resource/bioportal-mfoem"
"http://swlab.ic.uff.br/resource/bioportal-nif-uni-mannheim","http://swlab.ic.uff.br/resource/bioportal-sep","http://swlab.ic.uff.br/resource/bioportal-xco","http://swlab.ic.uff.br/resource/bioportal-po_x2","http://swlab.ic.uff.br/resource/bioportal-mao","http://swlab.ic.uff.br/resource/bioportal-mf"
"http://swlab.ic.uff.br/resource/bioportal-nif-uni-mannheim","http://swlab.ic.uff.br/resource/bioportal-cdao","http://swlab.ic.uff.br/resource/bioportal-aero","http://swlab.ic.uff.br/resource/bioportal-natpro","http://swlab.ic.uff.br/resource/bioportal-cpt","http://swlab.ic.uff.br/resource/bioportal-ctx"
"http://swlab.ic.uff.br/resource/bioportal-nif-uni-mannheim","http://swlab.ic.uff.br/resource/bioportal-vo","http://swlab.ic.uff.br/resource/bioportal-pdq","http://swlab.ic.uff.br/resource/bioportal-hao","http://swlab.ic.uff.br/resource/bioportal-cao","http://swlab.ic.uff.br/resource/bioportal-ctx"
"http://swlab.ic.uff.br/resource/bioportal-nif-uni-mannheim","http://swlab.ic.uff.br/resource/bioportal-nemo_x1","http://swlab.ic.uff.br/resource/bioportal-chebi","http://swlab.ic.uff.br/resource/bioportal-bao","http://swlab.ic.uff.br/resource/bioportal-ctx","http://swlab.ic.uff.br/resource/bioportal-tao"
"http://swlab.ic.uff.br/resource/bioportal-nif-uni-mannheim","http://swlab.ic.uff.br/resource/bioportal-natpro","http://swlab.ic.uff.br/resource/bioportal-aero","http://swlab.ic.uff.br/resource/bioportal-obi","http://swlab.ic.uff.br/resource/bioportal-po","http://swlab.ic.uff.br/resource/bioportal-sao"
"http://swlab.ic.uff.br/resource/bioportal-ontodt-uni-mannheim","http://swlab.ic.uff.br/resource/bioportal-aero","http://swlab.ic.uff.br/resource/bioportal-nif","http://swlab.ic.uff.br/resource/bioportal-ocre","http://swlab.ic.uff.br/resource/bioportal-idobru","http://swlab.ic.uff.br/resource/bioportal-opl"
"http://swlab.ic.uff.br/resource/bioportal-ontodt-uni-mannheim","http://swlab.ic.uff.br/resource/bioportal-idobru","http://swlab.ic.uff.br/resource/bioportal-bao","http://swlab.ic.uff.br/resource/bioportal-ocre","http://swlab.ic.uff.br/resource/bioportal-obi","http://swlab.ic.uff.br/resource/bioportal-opl"
"http://swlab.ic.uff.br/resource/bioportal-ontodt-uni-mannheim","http://swlab.ic.uff.br/resource/bioportal-ocre","http://swlab.ic.uff.br/resource/bioportal-opl","http://swlab.ic.uff.br/resource/bioportal-mf","http://swlab.ic.uff.br/resource/bioportal-bao","http://swlab.ic.uff.br/resource/bioportal-nif"
"http://swlab.ic.uff.br/resource/bioportal-ontodt-uni-mannheim","http://swlab.ic.uff.br/resource/bioportal-opl","http://swlab.ic.uff.br/resource/bioportal-bao","http://swlab.ic.uff.br/resource/bioportal-aero","http://swlab.ic.uff.br/resource/bioportal-ocre","http://swlab.ic.uff.br/resource/bioportal-mf"
"http://swlab.ic.uff.br/resource/bioportal-ontodt-uni-mannheim","http://swlab.ic.uff.br/resource/bioportal-mf","http://swlab.ic.uff.br/resource/bioportal-ocre","http://swlab.ic.uff.br/resource/bioportal-bao","http://swlab.ic.uff.br/resource/bioportal-mfoem","http://swlab.ic.uff.br/resource/bioportal-opl"
"http://swlab.ic.uff.br/resource/bioportal-aero-uni-mannheim","http://swlab.ic.uff.br/resource/bioportal-idomal","http://swlab.ic.uff.br/resource/bioportal-ontodt","http://swlab.ic.uff.br/resource/bioportal-mf","http://swlab.ic.uff.br/resource/bioportal-mfoem","http://swlab.ic.uff.br/resource/bioportal-sep"
"http://swlab.ic.uff.br/resource/bioportal-aero-uni-mannheim","http://swlab.ic.uff.br/resource/bioportal-bao","http://swlab.ic.uff.br/resource/bioportal-opl","http://swlab.ic.uff.br/resource/bioportal-icpc2p","http://swlab.ic.uff.br/resource/bioportal-rid","http://swlab.ic.uff.br/resource/bioportal-rcd"
"http://swlab.ic.uff.br/resource/bioportal-aero-uni-mannheim","http://swlab.ic.uff.br/resource/bioportal-gro_x2","http://swlab.ic.uff.br/resource/bioportal-sep","http://swlab.ic.uff.br/resource/bioportal-icnp","http://swlab.ic.uff.br/resource/bioportal-cao","http://swlab.ic.uff.br/resource/bioportal-idobru"
"http://swlab.ic.uff.br/resource/bioportal-aero-uni-mannheim","http://swlab.ic.uff.br/resource/bioportal-nif","http://swlab.ic.uff.br/resource/bioportal-gro_x2","http://swlab.ic.uff.br/resource/bioportal-pato","http://swlab.ic.uff.br/resource/bioportal-obi","http://swlab.ic.uff.br/resource/bioportal-mf"
"http://swlab.ic.uff.br/resource/bioportal-aero-uni-mannheim","http://swlab.ic.uff.br/resource/bioportal-mccl_x1","http://swlab.ic.uff.br/resource/bioportal-gro_x2","http://swlab.ic.uff.br/resource/bioportal-obi","http://swlab.ic.uff.br/resource/bioportal-mfoem","http://swlab.ic.uff.br/resource/bioportal-icnp"
"http://swlab.ic.uff.br/resource/bioportal-canco-uni-mannheim","http://swlab.ic.uff.br/resource/bioportal-mf","http://swlab.ic.uff.br/resource/bioportal-uo","http://swlab.ic.uff.br/resource/bioportal-idobru","http://swlab.ic.uff.br/resource/bioportal-ctx","http://swlab.ic.uff.br/resource/bioportal-basic-vertebrate-gross-anatomy"
"http://swlab.ic.uff.br/resource/bioportal-canco-uni-mannheim","http://swlab.ic.uff.br/resource/bioportal-zfa","http://swlab.ic.uff.br/resource/bioportal-sep","http://swlab.ic.uff.br/resource/bioportal-cpt","http://swlab.ic.uff.br/resource/bioportal-mf","http://swlab.ic.uff.br/resource/bioportal-obi"
"http://swlab.ic.uff.br/resource/bioportal-canco-uni-mannheim","http://swlab.ic.uff.br/resource/bioportal-idomal","http://swlab.ic.uff.br/resource/bioportal-ocre","http://swlab.ic.uff.br/resource/bioportal-ctx","http://swlab.ic.uff.br/resource/bioportal-iev","http://swlab.ic.uff.br/resource/bioportal-spto"
"http://swlab.ic.uff.br/resource/bioportal-canco-uni-mannheim","http://swlab.ic.uff.br/resource/bioportal-ogmd","http://swlab.ic.uff.br/resource/bioportal-xco","http://swlab.ic.uff.br/resource/bioportal-ontoorpha","http://swlab.ic.uff.br/resource/bioportal-idomal","http://swlab.ic.uff.br/resource/bioportal-spd"
"http://swlab.ic.uff.br/resource/bioportal-canco-uni-mannheim","http://swlab.ic.uff.br/resource/bioportal-chebi","http://swlab.ic.uff.br/resource/bioportal-sitbac","http://swlab.ic.uff.br/resource/bioportal-mp","http://swlab.ic.uff.br/resource/bioportal-nemo_x1","http://swlab.ic.uff.br/resource/bioportal-rcd"
"http://swlab.ic.uff.br/resource/bioportal-ncbitaxon-uni-mannheim","http://swlab.ic.uff.br/resource/bioportal-po","http://swlab.ic.uff.br/resource/bioportal-chebi","http://swlab.ic.uff.br/resource/bioportal-cpt","http://swlab.ic.uff.br/resource/bioportal-canco","http://swlab.ic.uff.br/resource/bioportal-pdq"
"http://swlab.ic.uff.br/resource/bioportal-ncbitaxon-uni-mannheim","http://swlab.ic.uff.br/resource/bioportal-mccl_x1","http://swlab.ic.uff.br/resource/bioportal-po_x2","http://swlab.ic.uff.br/resource/bioportal-gfo-bio","http://swlab.ic.uff.br/resource/bioportal-tao","http://swlab.ic.uff.br/resource/bioportal-nddf"
"http://swlab.ic.uff.br/resource/bioportal-ncbitaxon-uni-mannheim","http://swlab.ic.uff.br/resource/bioportal-tao","http://swlab.ic.uff.br/resource/bioportal-hao","http://swlab.ic.uff.br/resource/bioportal-rid","http://swlab.ic.uff.br/resource/bioportal-zfa","http://swlab.ic.uff.br/resource/bioportal-gro_x1"
"http://swlab.ic.uff.br/resource/bioportal-ncbitaxon-uni-mannheim","http://swlab.ic.uff.br/resource/bioportal-nif","http://swlab.ic.uff.br/resource/bioportal-bao","http://swlab.ic.uff.br/resource/bioportal-zfa","http://swlab.ic.uff.br/resource/bioportal-gfo-bio","http://swlab.ic.uff.br/resource/bioportal-tao"
"http://swlab.ic.uff.br/resource/bioportal-ncbitaxon-uni-mannheim","http://swlab.ic.uff.br/resource/bioportal-gfo-bio","http://swlab.ic.uff.br/resource/bioportal-fbsp","http://swlab.ic.uff.br/resource/bioportal-rid","http://swlab.ic.uff.br/resource/bioportal-nddf","http://swlab.ic.uff.br/resource/bioportal-icpc2p"
"http://swlab.ic.uff.br/resource/bioportal-nddf-uni-mannheim","http://swlab.ic.uff.br/resource/bioportal-obi","http://swlab.ic.uff.br/resource/bioportal-canco","http://swlab.ic.uff.br/resource/bioportal-xco","http://swlab.ic.uff.br/resource/bioportal-vo","http://swlab.ic.uff.br/resource/bioportal-idomal"
"http://swlab.ic.uff.br/resource/bioportal-nddf-uni-mannheim","http://swlab.ic.uff.br/resource/bioportal-idomal","http://swlab.ic.uff.br/resource/bioportal-cdao","http://swlab.ic.uff.br/resource/bioportal-mccl_x1","http://swlab.ic.uff.br/resource/bioportal-miro","http://swlab.ic.uff.br/resource/bioportal-bao"
"http://swlab.ic.uff.br/resource/bioportal-nddf-uni-mannheim","http://swlab.ic.uff.br/resource/bioportal-ncbitaxon","http://swlab.ic.uff.br/resource/bioportal-icnp","http://swlab.ic.uff.br/resource/bioportal-cpt","http://swlab.ic.uff.br/resource/bioportal-chebi","http://swlab.ic.uff.br/resource/bioportal-obi"
"http://swlab.ic.uff.br/resource/bioportal-nddf-uni-mannheim","http://swlab.ic.uff.br/resource/bioportal-miro","http://swlab.ic.uff.br/resource/bioportal-bao","http://swlab.ic.uff.br/resource/bioportal-mccl","http://swlab.ic.uff.br/resource/bioportal-xco","http://swlab.ic.uff.br/resource/bioportal-rcd"
"http://swlab.ic.uff.br/resource/bioportal-nddf-uni-mannheim","http://swlab.ic.uff.br/resource/bioportal-fda-meddevice","http://swlab.ic.uff.br/resource/bioportal-miro","http://swlab.ic.uff.br/resource/bioportal-ncbitaxon","http://swlab.ic.uff.br/resource/bioportal-xco","http://swlab.ic.uff.br/resource/bioportal-canco"
"http://swlab.ic.uff.br/resource/bioportal-zfa-uni-mannheim","http://swlab.ic.uff.br/resource/bioportal-sao","http://swlab.ic.uff.br/resource/bioportal-po","http://swlab.ic.uff.br/resource/bioportal-bao","http://swlab.ic.uff.br/resource/bioportal-mccl_x1","http://swlab.ic.uff.br/resource/bioportal-opl"
"http://swlab.ic.uff.br/resource/bioportal-zfa-uni-mannheim","http://swlab.ic.uff.br/resource/bioportal-wbbt","http://swlab.ic.uff.br/resource/bioportal-tao","http://swlab.ic.uff.br/resource/bioportal-canco","http://swlab.ic.uff.br/resource/bioportal-basic-vertebrate-gross-anatomy","http://swlab.ic.uff.br/resource/bioportal-obi"
"http://swlab.ic.uff.br/resource/bioportal-zfa-uni-mannheim","http://swlab.ic.uff.br/resource/bioportal-mccl_x1","http://swlab.ic.uff.br/resource/bioportal-opl","http://swlab.ic.uff.br/resource/bioportal-vhog","http://swlab.ic.uff.br/resource/bioportal-tao","http://swlab.ic.uff.br/resource/bioportal-nemo_x1"
"http://swlab.ic.uff.br/resource/bioportal-zfa-uni-mannheim","http://swlab.ic.uff.br/resource/bioportal-bao","http://swlab.ic.uff.br/resource/bioportal-po_x2","http://swlab.ic.uff.br/resource/bioportal-hao","http://swlab.ic.uff.br/resource/bioportal-idomal","http://swlab.ic.uff.br/resource/bioportal-rcd"
"http://swlab.ic.uff.br/resource/bioportal-zfa-uni-mannheim","http://swlab.ic.uff.br/resource/bioportal-hao","http://swlab.ic.uff.br/resource/bioportal-canco","http://swlab.ic.uff.br/resource/bioportal-idomal","http://swlab.ic.uff.br/resource/bioportal-basic-vertebrate-gross-anatomy","http://swlab.ic.uff.br/resource/bioportal-nemo_x1"
